source,term_name,term_id,adjusted_p_value,negative_log10_of_adjusted_p_value,term_size,query_size,intersection_size,effective_domain_size,intersections
GO:MF,structural constituent of ribosome,GO:0003735,1.38E-10,9.85982017,352,112,17,25399,"RPL37A,RPL41,RPS26,RPL38,RPS29,MRPS16,RPS28,RPL36,RPL35,RPS27,MRPS21,MRPL33,RPL37RT,RPL36A,MRPL28,RPS18,MRPL14"
GO:MF,structural molecule activity,GO:0005198,3.31742E-05,4.479199458,790,112,17,25399,"RPL37A,RPL41,RPS26,RPL38,RPS29,MRPS16,RPS28,RPL36,RPL35,RPS27,MRPS21,MRPL33,RPL37RT,RPL36A,MRPL28,RPS18,MRPL14"
GO:MF,metallochaperone activity,GO:0016530,0.002232838,2.65114275,8,112,3,25399,"ATOX1,FXN,COX17"
GO:BP,mitochondrial respiratory chain complex assembly,GO:0033108,1.67E-14,13.77762859,95,120,14,27492,"NDUFS6,UQCC2,NDUFA2,NDUFA5,NDUFB2,NDUFA3,NDUFB7,NDUFB11,COX17,NDUFA11,NDUFB8,NDUFB6,DMAC1,NDUFA1"
GO:BP,NADH dehydrogenase complex assembly,GO:0010257,5.39E-14,13.26828268,58,120,12,27492,"NDUFS6,NDUFA2,NDUFA5,NDUFB2,NDUFA3,NDUFB7,NDUFB11,NDUFA11,NDUFB8,NDUFB6,DMAC1,NDUFA1"
GO:BP,mitochondrial respiratory chain complex I assembly,GO:0032981,5.39E-14,13.26828268,58,120,12,27492,"NDUFS6,NDUFA2,NDUFA5,NDUFB2,NDUFA3,NDUFB7,NDUFB11,NDUFA11,NDUFB8,NDUFB6,DMAC1,NDUFA1"
GO:BP,mitochondrion organization,GO:0007005,1.78E-13,12.74921642,519,120,23,27492,"SIVA1,NDUFS6,UQCC2,NDUFA2,FXN,ROMO1,ATPIF1,TOMM7,NDUFA5,FMC1,NDUFB2,NDUFA3,NDUFB7,NDUFB11,TIMM13,COX17,DYNLT1A,NDUFA11,NDUFB8,NDUFB6,TOMM5,DMAC1,NDUFA1"
GO:BP,oxidative phosphorylation,GO:0006119,5.63E-10,9.249759046,121,120,12,27492,"UQCR10,UQCRQ,NDUFS6,UQCC2,FXN,ATP5K,ATP5J2,COX5B,NDUFB8,NDUFB6,COX6A1,COX6B1"
GO:BP,aerobic respiration,GO:0009060,4.95E-08,7.305735087,176,120,12,27492,"UQCR10,UQCRQ,NDUFS6,UQCC2,FXN,ATP5K,ATP5J2,COX5B,NDUFB8,NDUFB6,COX6A1,COX6B1"
GO:BP,cellular respiration,GO:0045333,9.58E-08,7.01849208,235,120,13,27492,"UQCR10,UQCRQ,NDUFS6,UQCC2,FXN,ATP5K,ATP5J2,NDUFA5,COX5B,NDUFB8,NDUFB6,COX6A1,COX6B1"
GO:BP,ATP metabolic process,GO:0046034,4.07E-07,6.390911723,264,120,13,27492,"UQCR10,UQCRQ,NDUFS6,UQCC2,FXN,ATPIF1,ATP5K,ATP5J2,COX5B,NDUFB8,NDUFB6,COX6A1,COX6B1"
GO:BP,generation of precursor metabolites and energy,GO:0006091,4.13E-07,6.38447717,455,120,16,27492,"UQCR10,UQCRQ,NDUFS6,UQCC2,NDUFA2,FXN,ATP5K,ATP5J2,NDUFA5,COX5B,COX17,NDUFB8,NDUFB6,COX6A1,NDUFA4,COX6B1"
GO:BP,translation,GO:0006412,6.64E-07,6.177512405,707,120,19,27492,"RPL37A,RPL41,RPS26,RPL38,RPS29,MRPS16,ANG,UQCC2,RPS28,RPL36,RPL35,RPS27,MRPS21,MRPL33,RPL37RT,TARSL2,RPL36A,RPS18,MRPL14"
GO:BP,peptide biosynthetic process,GO:0043043,1.05851E-06,5.975306281,727,120,19,27492,"RPL37A,RPL41,RPS26,RPL38,RPS29,MRPS16,ANG,UQCC2,RPS28,RPL36,RPL35,RPS27,MRPS21,MRPL33,RPL37RT,TARSL2,RPL36A,RPS18,MRPL14"
GO:BP,organonitrogen compound biosynthetic process,GO:1901566,3.97419E-06,5.400751515,1631,120,27,27492,"RPL37A,RPL41,RPS26,RPL38,RPS29,MRPS16,ANG,UQCC2,RPS28,RPL36,FXN,RPL35,KRTCAP2,DPM3,RPS27,MRPS21,ATPIF1,MRPL33,ATP5K,RPL37RT,ATP5J2,TARSL2,PIGYL,RPL36A,RPS18,MRPL14,TMEM258"
GO:BP,energy derivation by oxidation of organic compounds,GO:0015980,4.59793E-06,5.337437481,322,120,13,27492,"UQCR10,UQCRQ,NDUFS6,UQCC2,FXN,ATP5K,ATP5J2,NDUFA5,COX5B,NDUFB8,NDUFB6,COX6A1,COX6B1"
GO:BP,amide biosynthetic process,GO:0043604,1.20484E-05,4.919069701,843,120,19,27492,"RPL37A,RPL41,RPS26,RPL38,RPS29,MRPS16,ANG,UQCC2,RPS28,RPL36,RPL35,RPS27,MRPS21,MRPL33,RPL37RT,TARSL2,RPL36A,RPS18,MRPL14"
GO:BP,electron transport chain,GO:0022900,1.47552E-05,4.831054814,129,120,9,27492,"UQCR10,UQCRQ,NDUFS6,NDUFA2,NDUFA5,COX5B,NDUFB8,NDUFB6,COX6A1"
GO:BP,aerobic electron transport chain,GO:0019646,3.00824E-05,4.521688232,63,120,7,27492,"UQCR10,UQCRQ,NDUFS6,COX5B,NDUFB8,NDUFB6,COX6A1"
GO:BP,peptide metabolic process,GO:0006518,3.27239E-05,4.485135377,897,120,19,27492,"RPL37A,RPL41,RPS26,RPL38,RPS29,MRPS16,ANG,UQCC2,RPS28,RPL36,RPL35,RPS27,MRPS21,MRPL33,RPL37RT,TARSL2,RPL36A,RPS18,MRPL14"
GO:BP,respiratory electron transport chain,GO:0022904,4.26503E-05,4.370077664,102,120,8,27492,"UQCR10,UQCRQ,NDUFS6,NDUFA5,COX5B,NDUFB8,NDUFB6,COX6A1"
GO:BP,cellular macromolecule biosynthetic process,GO:0034645,9.05887E-05,4.042926094,1517,120,24,27492,"RPL37A,RPL41,RPS26,RPL38,RPS29,MRPS16,ANG,UQCC2,RPS28,RPL36,RPL35,KRTCAP2,DPM3,RPS27,MRPS21,CENPS,MRPL33,RPL37RT,TARSL2,PIGYL,RPL36A,RPS18,MRPL14,TMEM258"
GO:BP,mitochondrial ATP synthesis coupled electron transport,GO:0042775,9.40494E-05,4.026643976,74,120,7,27492,"UQCR10,UQCRQ,NDUFS6,COX5B,NDUFB8,NDUFB6,COX6A1"
GO:BP,ATP synthesis coupled electron transport,GO:0042773,0.000113435,3.945251835,76,120,7,27492,"UQCR10,UQCRQ,NDUFS6,COX5B,NDUFB8,NDUFB6,COX6A1"
GO:BP,mitochondrial transport,GO:0006839,0.00015533,3.808745844,169,120,9,27492,"SIVA1,ROMO1,ATPIF1,TOMM7,ATP5K,ATP5J2,TIMM13,DYNLT1A,TOMM5"
GO:BP,cellular amide metabolic process,GO:0043603,0.00034588,3.46107445,1153,120,20,27492,"RPL37A,RPL41,RPS26,RPL38,RPS29,MRPS16,ANG,UQCC2,RPS28,DNPH1,RPL36,RPL35,RPS27,MRPS21,MRPL33,RPL37RT,TARSL2,RPL36A,RPS18,MRPL14"
GO:BP,organelle organization,GO:0006996,0.001639085,2.785398523,3698,120,37,27492,"CENPW,TMEM107,RPL38,SIVA1,NDUFS6,ANG,UQCC2,RPS28,NDUFA2,FXN,ROMO1,RPS27,TAL1,ATPIF1,STMN1,CENPS,TOMM7,NDUFA5,FMC1,NDUFB2,TMSB10,NDUFA3,NDUFB7,NDUFB11,TIMM13,ANAPC11,ARF6,COX17,DYNLT1A,NDUFA11,NDUFB8,PHPT1,NDUFB6,TOMM5,DMAC1,LSM3,NDUFA1"
GO:BP,protein-containing complex assembly,GO:0065003,0.004929413,2.307204789,2606,120,29,27492,"CENPW,RPL38,NDUFS6,ANG,UQCC2,RPS28,NDUFA2,RPS27,TAL1,STMN1,CENPS,NDUFA5,FMC1,NDUFB2,TMSB10,SNRPG,NDUFA3,NDUFB7,NDUFB11,ARF6,COX17,GTF2H5,NDUFA11,NDUFB8,NDUFB6,DMAC1,SEM1,SNRPD2,NDUFA1"
GO:BP,cytoplasmic translation,GO:0002181,0.016245992,1.78925377,103,120,6,27492,"RPL41,RPS26,RPL38,RPS29,RPS28,RPL36A"
GO:BP,protein-containing complex organization,GO:0043933,0.01831906,1.737096823,2785,120,29,27492,"CENPW,RPL38,NDUFS6,ANG,UQCC2,RPS28,NDUFA2,RPS27,TAL1,STMN1,CENPS,NDUFA5,FMC1,NDUFB2,TMSB10,SNRPG,NDUFA3,NDUFB7,NDUFB11,ARF6,COX17,GTF2H5,NDUFA11,NDUFB8,NDUFB6,DMAC1,SEM1,SNRPD2,NDUFA1"
GO:CC,mitochondrial protein-containing complex,GO:0098798,5.66E-34,33.24730055,272,123,32,27279,"UQCR10,UQCRQ,ATP5MPL,NDUFS6,MRPS16,TOMM6,NDUFA2,ROMO1,MRPS21,TOMM7,MRPL33,ATP5K,ATP5J2,NDUFA5,NDUFB2,NDUFA3,NDUFB7,NDUFB11,COX5B,TIMM13,SMDT1,MRPL28,MRPL14,NDUFB8,NDUFB6,TOMM5,DMAC1,MICOS10,COX6A1,NDUFA4,TIMM10B,NDUFA1"
GO:CC,inner mitochondrial membrane protein complex,GO:0098800,2.36E-27,26.62776735,139,123,23,27279,"UQCR10,UQCRQ,ATP5MPL,NDUFS6,NDUFA2,ROMO1,ATP5K,ATP5J2,NDUFA5,NDUFB2,NDUFA3,NDUFB7,NDUFB11,COX5B,SMDT1,NDUFB8,NDUFB6,DMAC1,MICOS10,COX6A1,NDUFA4,TIMM10B,NDUFA1"
GO:CC,mitochondrion,GO:0005739,1.27E-24,23.89668895,1902,123,51,27279,"HDDC2,UQCR10,UQCRQ,TMEM256,DHRS13,ATP5MPL,SIVA1,NDUFS6,MRPS16,SMIM4,UQCC2,TOMM6,NDUFA2,FXN,ROMO1,MRPS21,BOLA1,HINT2,ATPIF1,TOMM7,MRPL33,ATP5K,ATP5J2,NDUFA5,FMC1,NDUFB2,NDUFA3,NDUFB7,CMC2,NDUFB11,COX5B,TIMM13,SMDT1,COX17,DYNLT1A,MRPL28,MRPL14,NDUFA11,NDUFB8,NDUFB6,TOMM5,DMAC1,MICOS10,COX6A1,NDUFA4,BOLA3,COX6B1,TIMM10B,GADD45GIP1,NDUFA1,PIN4"
GO:CC,mitochondrial inner membrane,GO:0005743,4.43E-24,23.35367891,455,123,30,27279,"UQCR10,UQCRQ,TMEM256,DHRS13,ATP5MPL,NDUFS6,UQCC2,NDUFA2,ROMO1,MRPS21,ATP5K,ATP5J2,NDUFA5,NDUFB2,NDUFA3,NDUFB7,NDUFB11,COX5B,TIMM13,SMDT1,NDUFA11,NDUFB8,NDUFB6,DMAC1,MICOS10,COX6A1,NDUFA4,COX6B1,TIMM10B,NDUFA1"
GO:CC,organelle inner membrane,GO:0019866,1.58E-22,21.80144982,514,123,30,27279,"UQCR10,UQCRQ,TMEM256,DHRS13,ATP5MPL,NDUFS6,UQCC2,NDUFA2,ROMO1,MRPS21,ATP5K,ATP5J2,NDUFA5,NDUFB2,NDUFA3,NDUFB7,NDUFB11,COX5B,TIMM13,SMDT1,NDUFA11,NDUFB8,NDUFB6,DMAC1,MICOS10,COX6A1,NDUFA4,COX6B1,TIMM10B,NDUFA1"
GO:CC,mitochondrial membrane,GO:0031966,1.88E-22,21.72610852,682,123,33,27279,"UQCR10,UQCRQ,TMEM256,DHRS13,ATP5MPL,NDUFS6,UQCC2,TOMM6,NDUFA2,ROMO1,MRPS21,TOMM7,ATP5K,ATP5J2,NDUFA5,NDUFB2,NDUFA3,NDUFB7,NDUFB11,COX5B,TIMM13,SMDT1,NDUFA11,NDUFB8,NDUFB6,TOMM5,DMAC1,MICOS10,COX6A1,NDUFA4,COX6B1,TIMM10B,NDUFA1"
GO:CC,mitochondrial envelope,GO:0005740,1.88E-22,21.72551416,742,123,34,27279,"UQCR10,UQCRQ,TMEM256,DHRS13,ATP5MPL,NDUFS6,UQCC2,TOMM6,NDUFA2,ROMO1,MRPS21,TOMM7,ATP5K,ATP5J2,NDUFA5,NDUFB2,NDUFA3,NDUFB7,NDUFB11,COX5B,TIMM13,SMDT1,COX17,NDUFA11,NDUFB8,NDUFB6,TOMM5,DMAC1,MICOS10,COX6A1,NDUFA4,COX6B1,TIMM10B,NDUFA1"
GO:CC,respiratory chain complex,GO:0098803,4.13E-21,20.38368092,87,123,17,27279,"UQCR10,UQCRQ,NDUFS6,NDUFA2,NDUFA5,NDUFB2,NDUFA3,NDUFB7,NDUFB11,COX5B,NDUFB8,NDUFB6,DMAC1,COX6A1,NDUFA4,COX6B1,NDUFA1"
GO:CC,respirasome,GO:0070469,2.52E-20,19.598768,96,123,17,27279,"UQCR10,UQCRQ,NDUFS6,NDUFA2,NDUFA5,NDUFB2,NDUFA3,NDUFB7,NDUFB11,COX5B,NDUFB8,NDUFB6,DMAC1,COX6A1,NDUFA4,COX6B1,NDUFA1"
GO:CC,mitochondrial respirasome,GO:0005746,1.11E-19,18.95412922,83,123,16,27279,"UQCR10,UQCRQ,NDUFS6,NDUFA2,NDUFA5,NDUFB2,NDUFA3,NDUFB7,NDUFB11,COX5B,NDUFB8,NDUFB6,DMAC1,COX6A1,NDUFA4,NDUFA1"
GO:CC,envelope,GO:0031975,5.96E-18,17.22478205,1186,123,36,27279,"MGST3,UQCR10,UQCRQ,TMEM256,DHRS13,ATP5MPL,NDUFS6,UQCC2,TOMM6,NDUFA2,ROMO1,S100A6,MRPS21,TOMM7,ATP5K,ATP5J2,NDUFA5,NDUFB2,NDUFA3,NDUFB7,NDUFB11,COX5B,TIMM13,SMDT1,COX17,NDUFA11,NDUFB8,NDUFB6,TOMM5,DMAC1,MICOS10,COX6A1,NDUFA4,COX6B1,TIMM10B,NDUFA1"
GO:CC,organelle envelope,GO:0031967,5.96E-18,17.22478205,1186,123,36,27279,"MGST3,UQCR10,UQCRQ,TMEM256,DHRS13,ATP5MPL,NDUFS6,UQCC2,TOMM6,NDUFA2,ROMO1,S100A6,MRPS21,TOMM7,ATP5K,ATP5J2,NDUFA5,NDUFB2,NDUFA3,NDUFB7,NDUFB11,COX5B,TIMM13,SMDT1,COX17,NDUFA11,NDUFB8,NDUFB6,TOMM5,DMAC1,MICOS10,COX6A1,NDUFA4,COX6B1,TIMM10B,NDUFA1"
GO:CC,cytoplasm,GO:0005737,7.11E-18,17.14838703,11347,123,101,27279,"RDH10,PTPN18,RPL37A,MGST3,HDDC2,LSM7,RPL41,RPS26,UQCR10,UQCRQ,ATOX1,TMEM256,DHRS13,RPL38,RPS29,ATP5MPL,SIVA1,CRIP1,NDUFS6,MRPS16,SMIM4,ANG,UQCC2,RPS28,DNPH1,TOMM6,SPATA24,NDUFA2,FXN,RPL35,SELENOH,ROMO1,KRTCAP2,DPM3,RPS27,S100A13,S100A6,MRPS21,BOLA1,HINT2,ATPIF1,STMN1,TOMM7,MRPL33,ATP5K,RPL37RT,LAMTOR4,ATP5J2,NDUFA5,FMC1,NDUFB2,TMSB10,SNRPG,GRCC10,NDUFA3,TARSL2,SBK1,BOLA2,DCTPP1,HPGD,GDF15,NDUFB7,CMC2,PIGYL,NDUFB11,RPL36A,COX5B,COPS9,TIMM13,HINT1,NAA38,ANAPC11,ARF6,SMDT1,COX17,GTF2H5,DYNLT1A,ELOB,MRPL28,RPS18,MRPL14,NDUFA11,TMEM258,NDUFB8,PHPT1,LAMTOR2,S100A1,NDUFB6,TOMM5,DMAC1,MICOS10,COX6A1,NDUFA4,BOLA3,LSM3,SNRPD2,COX6B1,TIMM10B,GADD45GIP1,NDUFA1,PIN4"
GO:CC,NADH dehydrogenase complex,GO:0030964,4.85E-16,15.31415733,47,123,12,27279,"NDUFS6,NDUFA2,NDUFA5,NDUFB2,NDUFA3,NDUFB7,NDUFB11,NDUFB8,NDUFB6,DMAC1,NDUFA4,NDUFA1"
GO:CC,mitochondrial respiratory chain complex I,GO:0005747,4.85E-16,15.31415733,47,123,12,27279,"NDUFS6,NDUFA2,NDUFA5,NDUFB2,NDUFA3,NDUFB7,NDUFB11,NDUFB8,NDUFB6,DMAC1,NDUFA4,NDUFA1"
GO:CC,respiratory chain complex I,GO:0045271,4.85E-16,15.31415733,47,123,12,27279,"NDUFS6,NDUFA2,NDUFA5,NDUFB2,NDUFA3,NDUFB7,NDUFB11,NDUFB8,NDUFB6,DMAC1,NDUFA4,NDUFA1"
GO:CC,membrane protein complex,GO:0098796,2.49E-15,14.6029503,1165,123,33,27279,"UQCR10,UQCRQ,GNGT2,ATP5MPL,NDUFS6,TOMM6,NDUFA2,ROMO1,KRTCAP2,TOMM7,ATP5K,LAMTOR4,ATP5J2,NDUFA5,NDUFB2,NDUFA3,NDUFB7,PIGYL,NDUFB11,COX5B,SMDT1,TMEM258,NDUFB8,LAMTOR2,NDUFB6,TOMM5,DMAC1,MICOS10,COX6A1,NDUFA4,COX6B1,TIMM10B,NDUFA1"
GO:CC,protein-containing complex,GO:0032991,4.59E-15,14.33811319,6763,123,75,27279,"RPL37A,LSM7,RPL41,RPS26,UQCR10,UQCRQ,TMEM107,GNGT2,RPL38,RPS29,ATP5MPL,NDUFS6,MRPS16,ANG,RPS28,TOMM6,NDUFA2,FXN,RPL35,ROMO1,KRTCAP2,DPM3,RPS27,MRPS21,TAL1,ATPIF1,CENPS,TOMM7,MRPL33,ATP5K,RPL37RT,LAMTOR4,ATP5J2,NDUFA5,NDUFB2,SNRPG,NDUFA3,POLR2I,PDE3B,NDUFB7,PIGYL,ANAPC13,NDUFB11,RPL36A,COX5B,COPS9,TIMM13,HINT1,NAA38,ANAPC11,POLR2F,SMDT1,GTF2H5,DYNLT1A,ELOB,MRPL28,RPS18,MRPL14,TMEM258,NDUFB8,LAMTOR2,NDUFB6,TOMM5,DMAC1,MICOS10,COX6A1,SEM1,NDUFA4,LSM3,SNRPD2,COX6B1,TIMM10B,NSMCE1,NDUFA1,PIN4"
GO:CC,oxidoreductase complex,GO:1990204,2.23E-14,13.65140822,110,123,14,27279,"UQCR10,UQCRQ,NDUFS6,NDUFA2,NDUFA5,NDUFB2,NDUFA3,NDUFB7,NDUFB11,NDUFB8,NDUFB6,DMAC1,NDUFA4,NDUFA1"
GO:CC,ribosomal subunit,GO:0044391,2.36E-13,12.62793306,200,123,16,27279,"RPL37A,RPL41,RPS26,RPL38,RPS29,MRPS16,RPS28,RPL35,RPS27,MRPS21,MRPL33,RPL37RT,RPL36A,MRPL28,RPS18,MRPL14"
GO:CC,catalytic complex,GO:1902494,2.77E-13,12.55793069,1464,123,34,27279,"LSM7,UQCR10,UQCRQ,GNGT2,NDUFS6,NDUFA2,KRTCAP2,DPM3,NDUFA5,NDUFB2,SNRPG,NDUFA3,POLR2I,NDUFB7,PIGYL,ANAPC13,NDUFB11,HINT1,NAA38,ANAPC11,POLR2F,GTF2H5,DYNLT1A,ELOB,TMEM258,NDUFB8,NDUFB6,DMAC1,SEM1,NDUFA4,LSM3,SNRPD2,NSMCE1,NDUFA1"
GO:CC,organelle membrane,GO:0031090,8.42E-11,10.07466206,3123,123,45,27279,"RDH10,MGST3,RPS26,UQCR10,UQCRQ,TMEM256,DHRS13,RPS29,ATP5MPL,NDUFS6,UQCC2,RPS28,TOMM6,NDUFA2,ROMO1,KRTCAP2,DPM3,MRPS21,TOMM7,ATP5K,LAMTOR4,ATP5J2,NDUFA5,NDUFB2,NDUFA3,NDUFB7,PIGYL,NDUFB11,COX5B,TIMM13,ARF6,SMDT1,NDUFA11,TMEM258,NDUFB8,LAMTOR2,NDUFB6,TOMM5,DMAC1,MICOS10,COX6A1,NDUFA4,COX6B1,TIMM10B,NDUFA1"
GO:CC,ribosome,GO:0005840,1.71E-10,9.765979985,420,123,18,27279,"RPL37A,RPL41,RPS26,RPL38,RPS29,MRPS16,RPS28,RPL36,RPL35,RPS27,MRPS21,MRPL33,RPL37RT,RPL36A,MRPL28,RPS18,MRPL14,GADD45GIP1"
GO:CC,transporter complex,GO:1990351,3.35E-10,9.474345926,376,123,17,27279,"UQCR10,UQCRQ,NDUFS6,NDUFA2,NDUFA5,NDUFB2,NDUFA3,NDUFB7,NDUFB11,TIMM13,SMDT1,NDUFB8,NDUFB6,DMAC1,NDUFA4,TIMM10B,NDUFA1"
GO:CC,cytosolic ribosome,GO:0022626,8.37E-10,9.0773823,111,123,11,27279,"RPL37A,RPL41,RPS26,RPL38,RPS29,RPS28,RPL35,RPS27,RPL37RT,RPL36A,RPS18"
GO:CC,intracellular organelle,GO:0043229,1.34E-09,8.873896117,15671,123,106,27279,"RDH10,PTPN18,RPL37A,MGST3,CENPW,HDDC2,LSM7,RPL41,RPS26,UQCR10,UQCRQ,TMEM256,DHRS13,RPL38,RPS29,ATP5MPL,SIVA1,NDUFS6,MRPS16,SMIM4,ANG,UQCC2,RPS28,DNPH1,TOMM6,RPL36,SPATA24,NDUFA2,FXN,RPL35,SELENOH,ROMO1,KRTCAP2,DPM3,RPS27,S100A13,S100A6,MRPS21,BOLA1,HINT2,TAL1,ATPIF1,STMN1,CENPS,TOMM7,MRPL33,ATP5K,RPL37RT,LAMTOR4,ATP5J2,NDUFA5,FMC1,NDUFB2,TMSB10,SNRPG,GRCC10,NDUFA3,POLR2I,TARSL2,BOLA2,HPGD,GDF15,NDUFB7,CMC2,PIGYL,ANAPC13,NDUFB11,RPL36A,COX5B,COPS9,TIMM13,HINT1,NAA38,ANAPC11,ARF6,POLR2F,SMDT1,COX17,GTF2H5,DYNLT1A,ELOB,MRPL28,RPS18,MRPL14,NDUFA11,TMEM258,NDUFB8,PHPT1,LAMTOR2,S100A1,NDUFB6,TOMM5,DMAC1,MICOS10,COX6A1,SEM1,NDUFA4,BOLA3,LSM3,SNRPD2,COX6B1,TIMM10B,NSMCE1,GADD45GIP1,NDUFA1,PIN4"
GO:CC,organelle,GO:0043226,1.65E-09,8.783018799,15998,123,107,27279,"RDH10,PTPN18,RPL37A,MGST3,CENPW,HDDC2,LSM7,RPL41,RPS26,UQCR10,UQCRQ,TMEM107,TMEM256,DHRS13,RPL38,RPS29,ATP5MPL,SIVA1,NDUFS6,MRPS16,SMIM4,ANG,UQCC2,RPS28,DNPH1,TOMM6,RPL36,SPATA24,NDUFA2,FXN,RPL35,SELENOH,ROMO1,KRTCAP2,DPM3,RPS27,S100A13,S100A6,MRPS21,BOLA1,HINT2,TAL1,ATPIF1,STMN1,CENPS,TOMM7,MRPL33,ATP5K,RPL37RT,LAMTOR4,ATP5J2,NDUFA5,FMC1,NDUFB2,TMSB10,SNRPG,GRCC10,NDUFA3,POLR2I,TARSL2,BOLA2,HPGD,GDF15,NDUFB7,CMC2,PIGYL,ANAPC13,NDUFB11,RPL36A,COX5B,COPS9,TIMM13,HINT1,NAA38,ANAPC11,ARF6,POLR2F,SMDT1,COX17,GTF2H5,DYNLT1A,ELOB,MRPL28,RPS18,MRPL14,NDUFA11,TMEM258,NDUFB8,PHPT1,LAMTOR2,S100A1,NDUFB6,TOMM5,DMAC1,MICOS10,COX6A1,SEM1,NDUFA4,BOLA3,LSM3,SNRPD2,COX6B1,TIMM10B,NSMCE1,GADD45GIP1,NDUFA1,PIN4"
GO:CC,intracellular anatomical structure,GO:0005622,1.24E-08,7.907617399,17282,123,110,27279,"RDH10,PTPN18,RPL37A,MGST3,CENPW,HDDC2,LSM7,RPL41,RPS26,UQCR10,UQCRQ,ATOX1,TMEM256,DHRS13,RPL38,RPS29,ATP5MPL,SIVA1,CRIP1,NDUFS6,MRPS16,SMIM4,ANG,UQCC2,RPS28,DNPH1,TOMM6,RPL36,SPATA24,NDUFA2,FXN,RPL35,SELENOH,ROMO1,KRTCAP2,DPM3,RPS27,S100A13,S100A6,MRPS21,BOLA1,HINT2,TAL1,ATPIF1,STMN1,CENPS,TOMM7,MRPL33,ATP5K,RPL37RT,LAMTOR4,ATP5J2,NDUFA5,FMC1,NDUFB2,TMSB10,SNRPG,GRCC10,NDUFA3,POLR2I,TARSL2,SBK1,BOLA2,DCTPP1,HPGD,GDF15,NDUFB7,CMC2,PIGYL,ANAPC13,NDUFB11,RPL36A,COX5B,COPS9,TIMM13,HINT1,NAA38,ANAPC11,ARF6,POLR2F,SMDT1,COX17,GTF2H5,DYNLT1A,ELOB,MRPL28,RPS18,MRPL14,NDUFA11,TMEM258,NDUFB8,PHPT1,LAMTOR2,S100A1,NDUFB6,TOMM5,DMAC1,MICOS10,COX6A1,SEM1,NDUFA4,BOLA3,LSM3,SNRPD2,COX6B1,TIMM10B,NSMCE1,GADD45GIP1,NDUFA1,PIN4"
GO:CC,intracellular membrane-bounded organelle,GO:0043231,2.43E-08,7.613898417,14330,123,99,27279,"RDH10,PTPN18,MGST3,CENPW,HDDC2,LSM7,RPL41,RPS26,UQCR10,UQCRQ,TMEM256,DHRS13,RPS29,ATP5MPL,SIVA1,NDUFS6,MRPS16,SMIM4,ANG,UQCC2,RPS28,DNPH1,TOMM6,SPATA24,NDUFA2,FXN,SELENOH,ROMO1,KRTCAP2,DPM3,RPS27,S100A13,S100A6,MRPS21,BOLA1,HINT2,TAL1,ATPIF1,CENPS,TOMM7,MRPL33,ATP5K,LAMTOR4,ATP5J2,NDUFA5,FMC1,NDUFB2,SNRPG,GRCC10,NDUFA3,POLR2I,TARSL2,BOLA2,HPGD,GDF15,NDUFB7,CMC2,PIGYL,ANAPC13,NDUFB11,RPL36A,COX5B,COPS9,TIMM13,HINT1,NAA38,ANAPC11,ARF6,POLR2F,SMDT1,COX17,GTF2H5,DYNLT1A,ELOB,MRPL28,RPS18,MRPL14,NDUFA11,TMEM258,NDUFB8,PHPT1,LAMTOR2,S100A1,NDUFB6,TOMM5,DMAC1,MICOS10,COX6A1,SEM1,NDUFA4,BOLA3,LSM3,SNRPD2,COX6B1,TIMM10B,NSMCE1,GADD45GIP1,NDUFA1,PIN4"
GO:CC,transmembrane transporter complex,GO:1902495,2.61E-08,7.583852119,362,123,15,27279,"UQCR10,UQCRQ,NDUFS6,NDUFA2,NDUFA5,NDUFB2,NDUFA3,NDUFB7,NDUFB11,SMDT1,NDUFB8,NDUFB6,DMAC1,NDUFA4,NDUFA1"
GO:CC,membrane-bounded organelle,GO:0043227,6.86E-08,7.163578313,14795,123,100,27279,"RDH10,PTPN18,MGST3,CENPW,HDDC2,LSM7,RPL41,RPS26,UQCR10,UQCRQ,TMEM107,TMEM256,DHRS13,RPS29,ATP5MPL,SIVA1,NDUFS6,MRPS16,SMIM4,ANG,UQCC2,RPS28,DNPH1,TOMM6,SPATA24,NDUFA2,FXN,SELENOH,ROMO1,KRTCAP2,DPM3,RPS27,S100A13,S100A6,MRPS21,BOLA1,HINT2,TAL1,ATPIF1,CENPS,TOMM7,MRPL33,ATP5K,LAMTOR4,ATP5J2,NDUFA5,FMC1,NDUFB2,SNRPG,GRCC10,NDUFA3,POLR2I,TARSL2,BOLA2,HPGD,GDF15,NDUFB7,CMC2,PIGYL,ANAPC13,NDUFB11,RPL36A,COX5B,COPS9,TIMM13,HINT1,NAA38,ANAPC11,ARF6,POLR2F,SMDT1,COX17,GTF2H5,DYNLT1A,ELOB,MRPL28,RPS18,MRPL14,NDUFA11,TMEM258,NDUFB8,PHPT1,LAMTOR2,S100A1,NDUFB6,TOMM5,DMAC1,MICOS10,COX6A1,SEM1,NDUFA4,BOLA3,LSM3,SNRPD2,COX6B1,TIMM10B,NSMCE1,GADD45GIP1,NDUFA1,PIN4"
GO:CC,large ribosomal subunit,GO:0015934,1.36947E-06,5.863448097,124,123,9,27279,"RPL37A,RPL41,RPL38,RPL35,MRPL33,RPL37RT,RPL36A,MRPL28,MRPL14"
GO:CC,polysomal ribosome,GO:0042788,2.34703E-06,5.629480695,34,123,6,27279,"RPL41,RPS26,RPL38,RPS29,RPS28,RPL36A"
GO:CC,cytochrome complex,GO:0070069,6.55224E-06,5.183609927,40,123,6,27279,"UQCR10,UQCRQ,COX5B,COX6A1,NDUFA4,COX6B1"
GO:CC,polysome,GO:0005844,9.59667E-06,5.017879274,72,123,7,27279,"RPL41,RPS26,RPL38,RPS29,RPS28,RPL36A,NAA38"
GO:CC,small ribosomal subunit,GO:0015935,2.19064E-05,4.659428302,81,123,7,27279,"RPS26,RPS29,MRPS16,RPS28,RPS27,MRPS21,RPS18"
GO:CC,cytosolic large ribosomal subunit,GO:0022625,9.67859E-05,4.014187758,62,123,6,27279,"RPL37A,RPL41,RPL38,RPL35,RPL37RT,RPL36A"
GO:CC,cytoplasmic side of rough endoplasmic reticulum membrane,GO:0098556,0.000461324,3.335993773,6,123,3,27279,"RPS26,RPS29,RPS28"
GO:CC,cytosolic small ribosomal subunit,GO:0022627,0.000528694,3.276795732,46,123,5,27279,"RPS26,RPS29,RPS28,RPS27,RPS18"
GO:CC,cellular anatomical entity,GO:0110165,0.000591673,3.227918526,22667,123,119,27279,"RDH10,PTPN18,RPL37A,TMEM37,MGST3,CENPW,HDDC2,LSM7,RPL41,RPS26,UQCR10,UQCRQ,ATOX1,TMEM107,TMEM256,DHRS13,GNGT2,RPL38,CDHR3,RPS29,ATP5MPL,SIVA1,CRIP1,NDUFS6,MRPS16,SMIM4,ANG,UQCC2,RPS28,DNPH1,TOMM6,RPL36,SPATA24,NDUFA2,FXN,RPL35,SELENOH,ROMO1,KRTCAP2,DPM3,RPS27,S100A13,S100A6,MRPS21,BOLA1,HINT2,TAL1,ATPIF1,STMN1,CENPS,TOMM7,MRPL33,ATP5K,RPL37RT,LAMTOR4,ATP5J2,NDUFA5,FMC1,NDUFB2,TMSB10,SNRPG,GRCC10,HEBP1,NDUFA3,POLR2I,HCST,TARSL2,PDE3B,SBK1,BOLA2,DCTPP1,HPGD,GDF15,NDUFB7,CMC2,PIGYL,ANAPC13,GPR34,NDUFB11,RPL36A,COX5B,COPS9,TIMM13,HINT1,NAA38,ANAPC11,ARF6,POLR2F,SMDT1,COX17,GTF2H5,DYNLT1A,ELOB,MRPL28,RPS18,MRPL14,NDUFA11,TMEM258,NDUFB8,PHPT1,LAMTOR2,S100A1,NDUFB6,CCDC107,TOMM5,DMAC1,MICOS10,COX6A1,SEM1,NDUFA4,BOLA3,LSM3,SNRPD2,COX6B1,TIMM10B,NSMCE1,GADD45GIP1,NDUFA1,PIN4"
GO:CC,respiratory chain complex IV,GO:0045277,0.001929793,2.714489215,28,123,4,27279,"COX5B,COX6A1,NDUFA4,COX6B1"
GO:CC,transferase complex,GO:1990234,0.004737306,2.324468596,811,123,14,27279,"KRTCAP2,DPM3,SNRPG,POLR2I,PIGYL,ANAPC13,NAA38,ANAPC11,POLR2F,GTF2H5,ELOB,TMEM258,SNRPD2,NSMCE1"
GO:CC,mitochondrial outer membrane translocase complex,GO:0005742,0.008177283,2.087390983,14,123,3,27279,"TOMM6,TOMM7,TOMM5"
GO:CC,cytoplasmic side of endoplasmic reticulum membrane,GO:0098554,0.008177283,2.087390983,14,123,3,27279,"RPS26,RPS29,RPS28"
GO:CC,outer mitochondrial membrane protein complex,GO:0098799,0.010187948,1.991913297,15,123,3,27279,"TOMM6,TOMM7,TOMM5"
GO:CC,mitochondrial ribosome,GO:0005761,0.016929225,1.771362925,93,123,5,27279,"MRPS16,MRPS21,MRPL33,MRPL28,MRPL14"
GO:CC,organellar ribosome,GO:0000313,0.016929225,1.771362925,93,123,5,27279,"MRPS16,MRPS21,MRPL33,MRPL28,MRPL14"
GO:CC,guanyl-nucleotide exchange factor complex,GO:0032045,0.021412756,1.669327439,19,123,3,27279,"LAMTOR4,PDE3B,LAMTOR2"
GO:CC,U2-type precatalytic spliceosome,GO:0071005,0.023470579,1.629476192,52,123,4,27279,"LSM7,SNRPG,LSM3,SNRPD2"
GO:CC,precatalytic spliceosome,GO:0071011,0.027227505,1.564992161,54,123,4,27279,"LSM7,SNRPG,LSM3,SNRPD2"
GO:CC,ribonucleoprotein complex,GO:1990904,0.027933643,1.553872422,2037,123,22,27279,"RPL37A,LSM7,RPL41,RPS26,RPL38,RPS29,MRPS16,RPS28,RPL35,RPS27,MRPS21,MRPL33,RPL37RT,SNRPG,RPL36A,NAA38,MRPL28,RPS18,MRPL14,LSM3,SNRPD2,PIN4"
GO:CC,mitochondrial proton-transporting ATP synthase complex,GO:0005753,0.029197041,1.534661161,21,123,3,27279,"ATP5MPL,ATP5K,ATP5J2"
GO:CC,mitochondrial respiratory chain complex IV,GO:0005751,0.029197041,1.534661161,21,123,3,27279,"COX5B,COX6A1,NDUFA4"
GO:CC,mitochondrial intermembrane space,GO:0005758,0.032933637,1.482360311,107,123,5,27279,"UQCC2,NDUFB7,TIMM13,COX17,TIMM10B"
GO:CC,proton-transporting ATP synthase complex,GO:0045259,0.033695938,1.472422455,22,123,3,27279,"ATP5MPL,ATP5K,ATP5J2"
KEGG,Oxidative phosphorylation,KEGG:00190,9.72E-13,12.01212969,128,64,15,8714,"UQCR10,UQCRQ,NDUFS6,NDUFA2,ATP5J2,NDUFA5,NDUFB2,NDUFB7,NDUFB11,COX5B,NDUFA11,NDUFB8,NDUFB6,COX6A1,NDUFA1"
KEGG,Ribosome,KEGG:03010,2.36E-12,11.62775533,165,64,16,8714,"RPL37A,RPL41,RPS26,RPL38,RPS29,MRPS16,RPS28,RPL36,RPS27,MRPS21,MRPL33,RPL37RT,RPL36A,MRPL28,RPS18,MRPL14"
KEGG,Non-alcoholic fatty liver disease,KEGG:04932,2.00E-10,9.697933957,150,64,14,8714,"UQCR10,UQCRQ,NDUFS6,NDUFA2,NDUFA5,NDUFB2,NDUFB7,NDUFB11,COX5B,NDUFA11,NDUFB8,NDUFB6,COX6A1,NDUFA1"
KEGG,Huntington disease,KEGG:05016,1.78E-09,8.750150973,296,64,17,8714,"UQCR10,UQCRQ,NDUFS6,NDUFA2,NDUFA5,NDUFB2,POLR2I,NDUFB7,NDUFB11,COX5B,POLR2F,NDUFA11,NDUFB8,NDUFB6,COX6A1,SEM1,NDUFA1"
KEGG,Chemical carcinogenesis - reactive oxygen species,KEGG:05208,2.22E-09,8.654074454,216,64,15,8714,"MGST3,UQCR10,UQCRQ,NDUFS6,NDUFA2,NDUFA5,NDUFB2,NDUFB7,NDUFB11,COX5B,NDUFA11,NDUFB8,NDUFB6,COX6A1,NDUFA1"
KEGG,Thermogenesis,KEGG:04714,3.50E-09,8.455756889,223,64,15,8714,"UQCR10,UQCRQ,NDUFS6,NDUFA2,ATP5J2,NDUFA5,NDUFB2,NDUFB7,NDUFB11,COX5B,NDUFA11,NDUFB8,NDUFB6,COX6A1,NDUFA1"
KEGG,Diabetic cardiomyopathy,KEGG:05415,1.01E-08,7.99759862,200,64,14,8714,"UQCR10,UQCRQ,NDUFS6,NDUFA2,NDUFA5,NDUFB2,NDUFB7,NDUFB11,COX5B,NDUFA11,NDUFB8,NDUFB6,COX6A1,NDUFA1"
KEGG,Parkinson disease,KEGG:05012,2.76E-08,7.55918196,258,64,15,8714,"UQCR10,UQCRQ,NDUFS6,NDUFA2,NDUFA5,NDUFB2,NDUFB7,NDUFB11,COX5B,NDUFA11,NDUFB8,NDUFB6,COX6A1,SEM1,NDUFA1"
KEGG,Prion disease,KEGG:05020,3.42E-08,7.465549199,262,64,15,8714,"UQCR10,UQCRQ,NDUFS6,NDUFA2,NDUFA5,NDUFB2,NDUFB7,NDUFB11,COX5B,NDUFA11,NDUFB8,NDUFB6,COX6A1,SEM1,NDUFA1"
KEGG,Amyotrophic lateral sclerosis,KEGG:05014,3.46E-07,6.460818011,361,64,16,8714,"UQCR10,UQCRQ,NDUFS6,ANG,NDUFA2,NDUFA5,NDUFB2,NDUFB7,NDUFB11,COX5B,NDUFA11,NDUFB8,NDUFB6,COX6A1,SEM1,NDUFA1"
KEGG,Retrograde endocannabinoid signaling,KEGG:04723,3.88E-07,6.41149101,141,64,11,8714,"GNGT2,NDUFS6,NDUFA2,NDUFA5,NDUFB2,NDUFB7,NDUFB11,NDUFA11,NDUFB8,NDUFB6,NDUFA1"
KEGG,Alzheimer disease,KEGG:05010,4.54835E-06,5.342146276,375,64,15,8714,"UQCR10,UQCRQ,NDUFS6,NDUFA2,NDUFA5,NDUFB2,NDUFB7,NDUFB11,COX5B,NDUFA11,NDUFB8,NDUFB6,COX6A1,SEM1,NDUFA1"
KEGG,Pathways of neurodegeneration - multiple diseases,KEGG:05022,7.00374E-05,4.154669969,463,64,15,8714,"UQCR10,UQCRQ,NDUFS6,NDUFA2,NDUFA5,NDUFB2,NDUFB7,NDUFB11,COX5B,NDUFA11,NDUFB8,NDUFB6,COX6A1,SEM1,NDUFA1"
KEGG,Coronavirus disease - COVID-19,KEGG:05171,8.03074E-05,4.095244495,237,64,11,8714,"RPL37A,RPL41,RPS26,RPL38,RPS29,RPS28,RPL36,RPS27,RPL37RT,RPL36A,RPS18"
REAC,"Respiratory electron transport, ATP synthesis by chemiosmotic coupling, and heat production by uncoupling proteins.",REAC:R-MMU-163200,8.51E-16,15.07018979,112,66,17,8748,"UQCR10,UQCRQ,NDUFS6,NDUFA2,ATP5K,ATP5J2,NDUFA5,NDUFB2,NDUFA3,NDUFB7,NDUFB11,NDUFB8,NDUFB6,COX6A1,NDUFA4,COX6B1,NDUFA1"
REAC,Respiratory electron transport,REAC:R-MMU-611105,1.67E-14,13.77763325,88,66,15,8748,"UQCR10,UQCRQ,NDUFS6,NDUFA2,NDUFA5,NDUFB2,NDUFA3,NDUFB7,NDUFB11,NDUFB8,NDUFB6,COX6A1,NDUFA4,COX6B1,NDUFA1"
REAC,The citric acid (TCA) cycle and respiratory electron transport,REAC:R-MMU-1428517,4.68E-13,12.32992257,161,66,17,8748,"UQCR10,UQCRQ,NDUFS6,NDUFA2,ATP5K,ATP5J2,NDUFA5,NDUFB2,NDUFA3,NDUFB7,NDUFB11,NDUFB8,NDUFB6,COX6A1,NDUFA4,COX6B1,NDUFA1"
REAC,Complex I biogenesis,REAC:R-MMU-6799198,8.77E-10,9.056893923,51,66,10,8748,"NDUFS6,NDUFA2,NDUFA5,NDUFB2,NDUFA3,NDUFB7,NDUFB11,NDUFB8,NDUFB6,NDUFA1"
REAC,Translation,REAC:R-MMU-72766,1.01E-09,8.997420956,217,66,16,8748,"RPL37A,RPS26,RPL38,RPS29,MRPS16,RPS28,RPL35,RPS27,MRPS21,MRPL33,RPL37RT,RPL36A,MRPL28,RPS18,MRPL14,GADD45GIP1"
REAC,SRP-dependent cotranslational protein targeting to membrane,REAC:R-MMU-1799339,2.79E-07,6.553800151,89,66,10,8748,"RPL37A,RPS26,RPL38,RPS29,RPS28,RPL35,RPS27,RPL37RT,RPL36A,RPS18"
REAC,Nonsense Mediated Decay (NMD) independent of the Exon Junction Complex (EJC),REAC:R-MMU-975956,3.49E-07,6.457188505,91,66,10,8748,"RPL37A,RPS26,RPL38,RPS29,RPS28,RPL35,RPS27,RPL37RT,RPL36A,RPS18"
REAC,Formation of a pool of free 40S subunits,REAC:R-MMU-72689,7.30E-07,6.136732299,98,66,10,8748,"RPL37A,RPS26,RPL38,RPS29,RPS28,RPL35,RPS27,RPL37RT,RPL36A,RPS18"
REAC,L13a-mediated translational silencing of Ceruloplasmin expression,REAC:R-MMU-156827,1.90296E-06,5.720570849,108,66,10,8748,"RPL37A,RPS26,RPL38,RPS29,RPS28,RPL35,RPS27,RPL37RT,RPL36A,RPS18"
REAC,GTP hydrolysis and joining of the 60S ribosomal subunit,REAC:R-MMU-72706,2.0829E-06,5.6813306,109,66,10,8748,"RPL37A,RPS26,RPL38,RPS29,RPS28,RPL35,RPS27,RPL37RT,RPL36A,RPS18"
REAC,Nonsense Mediated Decay (NMD) enhanced by the Exon Junction Complex (EJC),REAC:R-MMU-975957,2.27778E-06,5.6424891,110,66,10,8748,"RPL37A,RPS26,RPL38,RPS29,RPS28,RPL35,RPS27,RPL37RT,RPL36A,RPS18"
REAC,Nonsense-Mediated Decay (NMD),REAC:R-MMU-927802,2.27778E-06,5.6424891,110,66,10,8748,"RPL37A,RPS26,RPL38,RPS29,RPS28,RPL35,RPS27,RPL37RT,RPL36A,RPS18"
REAC,Cap-dependent Translation Initiation,REAC:R-MMU-72737,3.82467E-06,5.417406075,116,66,10,8748,"RPL37A,RPS26,RPL38,RPS29,RPS28,RPL35,RPS27,RPL37RT,RPL36A,RPS18"
REAC,Eukaryotic Translation Initiation,REAC:R-MMU-72613,3.82467E-06,5.417406075,116,66,10,8748,"RPL37A,RPS26,RPL38,RPS29,RPS28,RPL35,RPS27,RPL37RT,RPL36A,RPS18"
REAC,Metabolism of RNA,REAC:R-MMU-8953854,8.00367E-05,4.096711048,534,66,17,8748,"RPL37A,LSM7,RPS26,RPL38,RPS29,RPS28,RPL35,RPS27,RPL37RT,SNRPG,POLR2I,RPL36A,POLR2F,GTF2H5,RPS18,LSM3,SNRPD2"
REAC,Major pathway of rRNA processing in the nucleolus and cytosol,REAC:R-MMU-6791226,0.000122694,3.911175666,167,66,10,8748,"RPL37A,RPS26,RPL38,RPS29,RPS28,RPL35,RPS27,RPL37RT,RPL36A,RPS18"
REAC,rRNA processing in the nucleus and cytosol,REAC:R-MMU-8868773,0.000122694,3.911175666,167,66,10,8748,"RPL37A,RPS26,RPL38,RPS29,RPS28,RPL35,RPS27,RPL37RT,RPL36A,RPS18"
REAC,rRNA processing,REAC:R-MMU-72312,0.000122694,3.911175666,167,66,10,8748,"RPL37A,RPS26,RPL38,RPS29,RPS28,RPL35,RPS27,RPL37RT,RPL36A,RPS18"
REAC,Mitochondrial translation elongation,REAC:R-MMU-5389840,0.008454092,2.07293305,80,66,6,8748,"MRPS16,MRPS21,MRPL33,MRPL28,MRPL14,GADD45GIP1"
REAC,"Formation of the ternary complex, and subsequently, the 43S complex",REAC:R-MMU-72695,0.009205666,2.035944792,49,66,5,8748,"RPS26,RPS29,RPS28,RPS27,RPS18"
REAC,Mitochondrial translation termination,REAC:R-MMU-5419276,0.009735933,2.011622409,82,66,6,8748,"MRPS16,MRPS21,MRPL33,MRPL28,MRPL14,GADD45GIP1"
REAC,Mitochondrial translation,REAC:R-MMU-5368287,0.010432981,1.981591584,83,66,6,8748,"MRPS16,MRPS21,MRPL33,MRPL28,MRPL14,GADD45GIP1"
REAC,Ribosomal scanning and start codon recognition,REAC:R-MMU-72702,0.017705545,1.75189071,56,66,5,8748,"RPS26,RPS29,RPS28,RPS27,RPS18"
REAC,Translation initiation complex formation,REAC:R-MMU-72649,0.017705545,1.75189071,56,66,5,8748,"RPS26,RPS29,RPS28,RPS27,RPS18"
REAC,"Activation of the mRNA upon binding of the cap-binding complex and eIFs, and subsequent binding to 43S",REAC:R-MMU-72662,0.019295596,1.714541804,57,66,5,8748,"RPS26,RPS29,RPS28,RPS27,RPS18"
WP,Electron transport chain,WP:WP295,3.98E-11,10.40047697,92,43,13,4505,"UQCR10,UQCRQ,NDUFS6,NDUFA2,ATPIF1,ATP5J2,NDUFA5,NDUFB2,NDUFB7,COX5B,NDUFB6,COX6A1,NDUFA1"
WP,Oxidative phosphorylation,WP:WP1248,4.18E-08,7.378311488,54,43,9,4505,"NDUFS6,NDUFA2,ATP5J2,NDUFA5,NDUFB2,NDUFB7,NDUFA11,NDUFB8,NDUFB6"
WP,Cytoplasmic ribosomal proteins,WP:WP163,7.33E-08,7.13465345,79,43,10,4505,"RPL37A,RPL41,RPS26,RPL38,RPS29,RPS28,RPL36,RPS27,RPL37RT,RPS18"
TF,Factor: FOXN4; motif: NNWANNCGWMCGCGTCNNNNMT,TF:M04662,2.1134E-05,4.675018307,16026,121,113,21833,"RDH10,PTPN18,RPL37A,TMEM37,MGST3,CENPW,HDDC2,LSM7,RPL41,RPS26,UQCR10,UQCRQ,ATOX1,TMEM107,TMEM256,DHRS13,GNGT2,RPL38,RPS29,ATP5MPL,SIVA1,CRIP1,NDUFS6,MRPS16,SMIM4,ANG,UQCC2,RPS28,DNPH1,TOMM6,RPL36,SPATA24,NDUFA2,FXN,AVPI1,RPL35,SELENOH,CCDC34,ROMO1,KRTCAP2,DPM3,RPS27,S100A13,MRPS21,BOLA1,HINT2,ATPIF1,STMN1,CENPS,TOMM7,RPL37RT,LAMTOR4,ATP5J2,NDUFA5,FMC1,NDUFB2,TMSB10,SNRPG,GRCC10,HEBP1,NDUFA3,POLR2I,TARSL2,PDE3B,SBK1,BOLA2,DCTPP1,HPGD,GDF15,NDUFB7,CMC2,PIGYL,ANAPC13,NDUFB11,RPL36A,COX5B,COPS9,TIMM13,HINT1,NAA38,ANAPC11,ARF6,POLR2F,SMDT1,COX17,GTF2H5,DYNLT1A,ELOB,MRPL28,RPS18,MRPL14,NDUFA11,TMEM258,NDUFB8,PHPT1,LAMTOR2,S100A1,NDUFB6,CCDC107,TOMM5,DMAC1,MICOS10,COX6A1,SEM1,NDUFA4,BOLA3,LSM3,SNRPD2,COX6B1,TIMM10B,NSMCE1,GADD45GIP1,NDUFA1"
TF,Factor: ERF; motif: ACCGGAARTN,TF:M01984,3.7785E-05,4.422680076,6031,121,62,21833,"RPL37A,TMEM37,CENPW,HDDC2,RPL41,RPS26,UQCRQ,ATOX1,TMEM107,RPL38,RPS29,ATP5MPL,SIVA1,MRPS16,SMIM4,RPS28,TOMM6,RPL35,CCDC34,ROMO1,KRTCAP2,DPM3,RPS27,MRPS21,BOLA1,ATPIF1,STMN1,MRPL33,ATP5K,RPL37RT,LAMTOR4,ATP5J2,SNRPG,GRCC10,NDUFA3,POLR2I,SBK1,BOLA2,DCTPP1,CMC2,PIGYL,ANAPC13,RPL36A,COX5B,COPS9,TIMM13,NAA38,ANAPC11,POLR2F,SMDT1,COX17,RPS18,TMEM258,LAMTOR2,NDUFB6,TOMM5,MICOS10,COX6A1,SNRPD2,COX6B1,TIMM10B,NSMCE1"
TF,Factor: FOXN4; motif: NNWANNCGWMCGCGTCNNNNMT; match class: 1,TF:M04662_1,5.36221E-05,4.270656005,12809,121,99,21833,"RDH10,PTPN18,RPL37A,MGST3,CENPW,LSM7,RPS26,UQCR10,UQCRQ,ATOX1,TMEM107,TMEM256,DHRS13,RPL38,RPS29,SIVA1,CRIP1,NDUFS6,MRPS16,SMIM4,ANG,UQCC2,RPS28,DNPH1,TOMM6,RPL36,SPATA24,NDUFA2,FXN,AVPI1,RPL35,SELENOH,ROMO1,KRTCAP2,DPM3,RPS27,MRPS21,BOLA1,HINT2,ATPIF1,STMN1,CENPS,TOMM7,RPL37RT,LAMTOR4,ATP5J2,NDUFA5,FMC1,NDUFB2,TMSB10,SNRPG,GRCC10,HEBP1,NDUFA3,POLR2I,TARSL2,PDE3B,SBK1,BOLA2,DCTPP1,HPGD,NDUFB7,CMC2,PIGYL,ANAPC13,NDUFB11,RPL36A,COX5B,COPS9,TIMM13,HINT1,NAA38,ANAPC11,ARF6,POLR2F,COX17,GTF2H5,ELOB,MRPL28,RPS18,MRPL14,NDUFA11,TMEM258,NDUFB8,PHPT1,LAMTOR2,NDUFB6,CCDC107,TOMM5,MICOS10,COX6A1,SEM1,NDUFA4,LSM3,SNRPD2,COX6B1,TIMM10B,GADD45GIP1,NDUFA1"
TF,Factor: E2F; motif: GGCGSG,TF:M00803,7.89464E-05,4.102667541,10451,121,87,21833,"RDH10,RPL37A,TMEM37,MGST3,CENPW,LSM7,RPS26,UQCR10,UQCRQ,TMEM107,TMEM256,DHRS13,RPS29,ATP5MPL,SIVA1,CRIP1,NDUFS6,MRPS16,SMIM4,UQCC2,RPS28,TOMM6,RPL36,SPATA24,FXN,RPL35,SELENOH,CCDC34,ROMO1,KRTCAP2,RPS27,HINT2,TAL1,STMN1,CENPS,MRPL33,ATP5K,RPL37RT,FMC1,SNRPG,GRCC10,NDUFA3,POLR2I,TARSL2,PDE3B,SBK1,BOLA2,DCTPP1,HPGD,NDUFB7,CMC2,PIGYL,ANAPC13,NDUFB11,RPL36A,COX5B,COPS9,TIMM13,HINT1,NAA38,ANAPC11,ARF6,POLR2F,COX17,GTF2H5,DYNLT1A,ELOB,MRPL28,RPS18,MRPL14,NDUFA11,TMEM258,NDUFB8,PHPT1,LAMTOR2,NDUFB6,CCDC107,TOMM5,MICOS10,COX6A1,SEM1,NDUFA4,LSM3,SNRPD2,TIMM10B,NSMCE1,GADD45GIP1"
TF,Factor: GABP-alpha; motif: CTTCCK; match class: 1,TF:M01660_1,0.000109904,3.958987511,4696,121,52,21833,"PTPN18,RPL37A,TMEM37,CENPW,HDDC2,LSM7,RPL41,RPS26,UQCRQ,ATOX1,TMEM107,RPL38,RPS29,ATP5MPL,MRPS16,SMIM4,UQCC2,TOMM6,NDUFA2,ROMO1,RPS27,MRPS21,ATP5K,RPL37RT,ATP5J2,SNRPG,GRCC10,POLR2I,BOLA2,DCTPP1,NDUFB7,CMC2,ANAPC13,RPL36A,COX5B,COPS9,TIMM13,ANAPC11,ARF6,POLR2F,COX17,RPS18,TMEM258,TOMM5,MICOS10,COX6A1,SEM1,LSM3,SNRPD2,COX6B1,TIMM10B,NSMCE1"
TF,Factor: ESE-1; motif: NSMGGAARYN; match class: 1,TF:M01977_1,0.000143815,3.842194644,2365,121,34,21833,"RPL37A,RPL41,RPS26,UQCRQ,RPS29,ANG,RPS28,TOMM6,ROMO1,DPM3,RPS27,MRPS21,ATPIF1,ATP5K,RPL37RT,LAMTOR4,ATP5J2,SNRPG,GRCC10,BOLA2,ANAPC13,RPL36A,COX5B,COPS9,TIMM13,NAA38,COX17,RPS18,MICOS10,COX6A1,SNRPD2,COX6B1,TIMM10B,NSMCE1"
TF,Factor: PEA3; motif: RCCGGAAGYN; match class: 1,TF:M01991_1,0.000155092,3.809410964,4178,121,48,21833,"RPL37A,TMEM37,MGST3,HDDC2,RPL41,RPS26,UQCRQ,ATOX1,TMEM107,RPL38,RPS29,MRPS16,SMIM4,ANG,TOMM6,ROMO1,RPS27,MRPS21,TOMM7,MRPL33,ATP5K,RPL37RT,LAMTOR4,ATP5J2,SNRPG,GRCC10,POLR2I,SBK1,BOLA2,PIGYL,ANAPC13,RPL36A,COX5B,COPS9,TIMM13,NAA38,ANAPC11,ARF6,COX17,ELOB,RPS18,TOMM5,MICOS10,COX6A1,SNRPD2,COX6B1,TIMM10B,NSMCE1"
TF,Factor: NRF-1; motif: GCGCMTGCGCN,TF:M07052,0.000165522,3.781144021,1919,121,30,21833,"RPL37A,MGST3,LSM7,TMEM107,RPS29,ATP5MPL,NDUFS6,SMIM4,UQCC2,FXN,ROMO1,MRPS21,TOMM7,ATP5K,NDUFA5,POLR2I,SBK1,NDUFB7,NDUFB11,TIMM13,HINT1,ARF6,COX17,GTF2H5,DYNLT1A,MRPL14,NDUFA11,CCDC107,COX6A1,SNRPD2"
TF,Factor: ELK-1; motif: ACCGGAWRTN,TF:M01981,0.000301469,3.520757371,14719,121,106,21833,"RDH10,RPL37A,TMEM37,MGST3,CENPW,HDDC2,RPL41,RPS26,UQCR10,UQCRQ,ATOX1,TMEM107,TMEM256,DHRS13,GNGT2,RPL38,RPS29,ATP5MPL,SIVA1,CRIP1,NDUFS6,MRPS16,SMIM4,ANG,UQCC2,RPS28,DNPH1,TOMM6,RPL36,SPATA24,NDUFA2,FXN,RPL35,SELENOH,CCDC34,ROMO1,KRTCAP2,DPM3,RPS27,MRPS21,BOLA1,HINT2,TAL1,ATPIF1,STMN1,TOMM7,MRPL33,ATP5K,RPL37RT,LAMTOR4,ATP5J2,NDUFB2,TMSB10,SNRPG,GRCC10,HEBP1,NDUFA3,POLR2I,TARSL2,PDE3B,SBK1,BOLA2,DCTPP1,NDUFB7,CMC2,PIGYL,ANAPC13,GPR34,NDUFB11,RPL36A,COX5B,COPS9,TIMM13,HINT1,NAA38,ANAPC11,ARF6,POLR2F,SMDT1,COX17,GTF2H5,DYNLT1A,ELOB,MRPL28,RPS18,MRPL14,NDUFA11,TMEM258,PHPT1,LAMTOR2,NDUFB6,TOMM5,DMAC1,MICOS10,COX6A1,SEM1,NDUFA4,BOLA3,LSM3,SNRPD2,COX6B1,TIMM10B,NSMCE1,GADD45GIP1,NDUFA1,PIN4"
TF,Factor: TEL1; motif: CNCGGAANNN,TF:M01993,0.000581246,3.235639885,10449,121,85,21833,"RDH10,RPL37A,TMEM37,MGST3,CENPW,HDDC2,LSM7,RPL41,UQCR10,UQCRQ,ATOX1,TMEM256,DHRS13,GNGT2,RPL38,RPS29,ATP5MPL,SIVA1,CRIP1,NDUFS6,MRPS16,SMIM4,ANG,UQCC2,TOMM6,FXN,SELENOH,CCDC34,ROMO1,KRTCAP2,DPM3,S100A13,S100A6,MRPS21,BOLA1,HINT2,TAL1,ATPIF1,CENPS,TOMM7,MRPL33,ATP5K,RPL37RT,LAMTOR4,ATP5J2,FMC1,NDUFB2,TMSB10,SNRPG,GRCC10,HEBP1,NDUFA3,POLR2I,HCST,SBK1,BOLA2,NDUFB7,ANAPC13,RPL36A,COX5B,COPS9,TIMM13,NAA38,ANAPC11,ARF6,POLR2F,SMDT1,COX17,MRPL28,RPS18,NDUFA11,TMEM258,PHPT1,LAMTOR2,S100A1,NDUFB6,TOMM5,MICOS10,COX6A1,SEM1,BOLA3,LSM3,SNRPD2,TIMM10B,NSMCE1"
TF,Factor: Elk-1; motif: NNNNCCGGAARTNN; match class: 1,TF:M00025_1,0.000666712,3.176061726,4097,121,46,21833,"RPL37A,TMEM37,MGST3,HDDC2,RPS26,UQCRQ,ATOX1,RPL38,RPS29,MRPS16,ANG,TOMM6,RPL36,ROMO1,DPM3,RPS27,MRPS21,MRPL33,ATP5K,RPL37RT,LAMTOR4,ATP5J2,SNRPG,GRCC10,POLR2I,SBK1,BOLA2,NDUFB7,ANAPC13,RPL36A,COX5B,COPS9,TIMM13,NAA38,ANAPC11,ARF6,COX17,ELOB,RPS18,TOMM5,MICOS10,BOLA3,SNRPD2,COX6B1,TIMM10B,NSMCE1"
TF,Factor: GABP-alpha; motif: CTTCCK,TF:M01660,0.001169478,2.932008122,10778,121,86,21833,"RDH10,PTPN18,RPL37A,TMEM37,CENPW,HDDC2,LSM7,RPL41,RPS26,UQCRQ,ATOX1,TMEM107,RPL38,RPS29,ATP5MPL,SIVA1,CRIP1,NDUFS6,MRPS16,SMIM4,UQCC2,RPS28,TOMM6,NDUFA2,FXN,RPL35,SELENOH,CCDC34,ROMO1,KRTCAP2,DPM3,RPS27,MRPS21,HINT2,ATPIF1,STMN1,CENPS,TOMM7,MRPL33,ATP5K,RPL37RT,LAMTOR4,ATP5J2,TMSB10,SNRPG,GRCC10,NDUFA3,POLR2I,HCST,SBK1,BOLA2,DCTPP1,NDUFB7,CMC2,PIGYL,ANAPC13,RPL36A,COX5B,COPS9,TIMM13,NAA38,ANAPC11,ARF6,POLR2F,SMDT1,COX17,GTF2H5,DYNLT1A,ELOB,RPS18,NDUFA11,TMEM258,PHPT1,LAMTOR2,NDUFB6,TOMM5,MICOS10,COX6A1,SEM1,LSM3,SNRPD2,COX6B1,TIMM10B,NSMCE1,NDUFA1,PIN4"
TF,Factor: Erm; motif: NCCGGAWGTN,TF:M01992,0.001856915,2.731208024,5266,121,53,21833,"TMEM37,CENPW,HDDC2,RPL41,RPS26,UQCRQ,ATOX1,RPL38,RPS29,MRPS16,SMIM4,UQCC2,TOMM6,CCDC34,ROMO1,KRTCAP2,DPM3,RPS27,MRPS21,BOLA1,ATPIF1,TOMM7,MRPL33,ATP5K,RPL37RT,ATP5J2,SNRPG,NDUFA3,SBK1,DCTPP1,NDUFB7,PIGYL,ANAPC13,RPL36A,COX5B,COPS9,TIMM13,NAA38,ANAPC11,POLR2F,ELOB,RPS18,TMEM258,PHPT1,LAMTOR2,NDUFB6,TOMM5,MICOS10,COX6A1,COX6B1,TIMM10B,NSMCE1,NDUFA1"
TF,Factor: ELF4; motif: CCCGGAARTN,TF:M01979,0.002415485,2.616995618,7202,121,65,21833,"RDH10,RPL37A,TMEM37,MGST3,CENPW,HDDC2,RPL41,RPS26,UQCRQ,ATOX1,TMEM256,DHRS13,RPL38,RPS29,SIVA1,MRPS16,SMIM4,ANG,UQCC2,TOMM6,SELENOH,CCDC34,ROMO1,KRTCAP2,DPM3,RPS27,MRPS21,BOLA1,HINT2,ATPIF1,TOMM7,MRPL33,ATP5K,RPL37RT,LAMTOR4,ATP5J2,SNRPG,GRCC10,NDUFA3,SBK1,BOLA2,NDUFB7,ANAPC13,RPL36A,COX5B,COPS9,TIMM13,NAA38,ANAPC11,ARF6,POLR2F,SMDT1,COX17,ELOB,RPS18,PHPT1,LAMTOR2,TOMM5,MICOS10,COX6A1,SEM1,SNRPD2,COX6B1,TIMM10B,NSMCE1"
TF,Factor: Elk-1; motif: NNNNCCGGAARTNN,TF:M00025,0.002968103,2.527521066,9847,121,80,21833,"RDH10,RPL37A,TMEM37,MGST3,CENPW,HDDC2,LSM7,RPL41,RPS26,UQCRQ,ATOX1,TMEM256,DHRS13,RPL38,RPS29,SIVA1,NDUFS6,MRPS16,SMIM4,ANG,UQCC2,TOMM6,RPL36,FXN,CCDC34,ROMO1,KRTCAP2,DPM3,RPS27,MRPS21,BOLA1,HINT2,TAL1,ATPIF1,TOMM7,MRPL33,ATP5K,RPL37RT,LAMTOR4,ATP5J2,SNRPG,GRCC10,HEBP1,NDUFA3,POLR2I,SBK1,BOLA2,DCTPP1,NDUFB7,PIGYL,ANAPC13,RPL36A,COX5B,COPS9,TIMM13,NAA38,ANAPC11,ARF6,POLR2F,COX17,GTF2H5,ELOB,MRPL28,RPS18,TMEM258,PHPT1,LAMTOR2,NDUFB6,TOMM5,DMAC1,MICOS10,COX6A1,SEM1,BOLA3,LSM3,SNRPD2,COX6B1,TIMM10B,NSMCE1,NDUFA1"
TF,Factor: ZF5; motif: NRNGNGCGCGCWN,TF:M00333,0.003295053,2.482137541,14505,121,103,21833,"RDH10,PTPN18,RPL37A,TMEM37,MGST3,CENPW,HDDC2,LSM7,RPL41,RPS26,UQCR10,UQCRQ,ATOX1,TMEM107,DHRS13,RPL38,RPS29,SIVA1,CRIP1,NDUFS6,MRPS16,SMIM4,UQCC2,RPS28,DNPH1,TOMM6,RPL36,SPATA24,NDUFA2,FXN,AVPI1,CCDC34,ROMO1,KRTCAP2,DPM3,RPS27,S100A13,BOLA1,HINT2,TAL1,ATPIF1,STMN1,CENPS,TOMM7,MRPL33,RPL37RT,ATP5J2,NDUFA5,FMC1,NDUFB2,TMSB10,SNRPG,HEBP1,POLR2I,TARSL2,PDE3B,SBK1,DCTPP1,HPGD,GDF15,NDUFB7,CMC2,PIGYL,ANAPC13,NDUFB11,RPL36A,COX5B,COPS9,TIMM13,HINT1,NAA38,ANAPC11,ARF6,POLR2F,SMDT1,COX17,GTF2H5,DYNLT1A,ELOB,MRPL28,RPS18,MRPL14,NDUFA11,TMEM258,NDUFB8,PHPT1,S100A1,NDUFB6,CCDC107,TOMM5,DMAC1,MICOS10,COX6A1,SEM1,NDUFA4,BOLA3,LSM3,SNRPD2,COX6B1,TIMM10B,NSMCE1,GADD45GIP1,PIN4"
TF,Factor: c-Ets-1; motif: NNNRCCGGAWRYNNNN,TF:M01078,0.004276515,2.368910029,7310,121,65,21833,"RPL37A,TMEM37,CENPW,HDDC2,RPL41,RPS26,UQCRQ,ATOX1,TMEM107,TMEM256,RPL38,RPS29,MRPS16,SMIM4,TOMM6,SELENOH,CCDC34,ROMO1,KRTCAP2,DPM3,RPS27,MRPS21,BOLA1,ATPIF1,TOMM7,MRPL33,ATP5K,RPL37RT,LAMTOR4,ATP5J2,SNRPG,GRCC10,NDUFA3,POLR2I,TARSL2,PDE3B,SBK1,BOLA2,DCTPP1,PIGYL,ANAPC13,GPR34,RPL36A,COX5B,COPS9,TIMM13,NAA38,ANAPC11,POLR2F,SMDT1,COX17,ELOB,RPS18,TMEM258,PHPT1,LAMTOR2,NDUFB6,MICOS10,COX6A1,NDUFA4,SNRPD2,COX6B1,TIMM10B,NSMCE1,NDUFA1"
TF,Factor: ERG; motif: ACCGGAART; match class: 1,TF:M01752_1,0.00437656,2.358867154,3669,121,41,21833,"TMEM37,HDDC2,RPS26,UQCRQ,ATOX1,TMEM107,RPL38,RPS29,MRPS16,SMIM4,ANG,TOMM6,ROMO1,RPS27,MRPS21,TOMM7,MRPL33,ATP5K,RPL37RT,LAMTOR4,SNRPG,GRCC10,POLR2I,BOLA2,PIGYL,ANAPC13,RPL36A,COX5B,COPS9,TIMM13,ANAPC11,COX17,ELOB,RPS18,TOMM5,MICOS10,COX6A1,SNRPD2,COX6B1,TIMM10B,NSMCE1"
TF,Factor: ELK-1; motif: ACCGGAWRTN; match class: 1,TF:M01981_1,0.004554685,2.341541687,9035,121,75,21833,"RPL37A,TMEM37,MGST3,HDDC2,RPL41,RPS26,UQCRQ,ATOX1,TMEM107,TMEM256,RPL38,RPS29,CRIP1,MRPS16,SMIM4,ANG,UQCC2,DNPH1,TOMM6,RPL36,SPATA24,NDUFA2,SELENOH,CCDC34,ROMO1,DPM3,RPS27,MRPS21,HINT2,TAL1,ATPIF1,TOMM7,MRPL33,ATP5K,RPL37RT,LAMTOR4,ATP5J2,SNRPG,GRCC10,POLR2I,TARSL2,SBK1,BOLA2,DCTPP1,NDUFB7,CMC2,PIGYL,ANAPC13,NDUFB11,RPL36A,COX5B,COPS9,TIMM13,NAA38,ANAPC11,ARF6,SMDT1,COX17,DYNLT1A,ELOB,MRPL28,RPS18,PHPT1,NDUFB6,TOMM5,MICOS10,COX6A1,SEM1,NDUFA4,BOLA3,SNRPD2,COX6B1,TIMM10B,NSMCE1,NDUFA1"
TF,Factor: TEL1; motif: CNCGGAANNN; match class: 1,TF:M01993_1,0.005919993,2.227678792,4420,121,46,21833,"RPL37A,CENPW,HDDC2,RPL41,UQCRQ,ATOX1,RPL38,NDUFS6,MRPS16,TOMM6,SELENOH,ROMO1,DPM3,MRPS21,BOLA1,HINT2,ATPIF1,CENPS,TOMM7,RPL37RT,LAMTOR4,ATP5J2,NDUFB2,SNRPG,SBK1,BOLA2,NDUFB7,ANAPC13,RPL36A,COX5B,COPS9,TIMM13,ANAPC11,ARF6,POLR2F,COX17,RPS18,TMEM258,LAMTOR2,TOMM5,MICOS10,COX6A1,SEM1,SNRPD2,TIMM10B,NSMCE1"
TF,Factor: ER71; motif: ACCGGAARYN,TF:M01988,0.007782363,2.10888849,4319,121,45,21833,"CENPW,HDDC2,RPL41,UQCRQ,ATOX1,RPL38,RPS29,MRPS16,ANG,TOMM6,CCDC34,ROMO1,KRTCAP2,DPM3,RPS27,MRPS21,BOLA1,ATPIF1,MRPL33,ATP5K,RPL37RT,ATP5J2,SNRPG,NDUFA3,SBK1,DCTPP1,PIGYL,ANAPC13,COX5B,COPS9,TIMM13,NAA38,ANAPC11,POLR2F,ELOB,RPS18,TMEM258,PHPT1,LAMTOR2,NDUFB6,MICOS10,COX6A1,COX6B1,TIMM10B,NSMCE1"
TF,Factor: c-Ets-1; motif: NNNRCCGGAWRYNNNN; match class: 1,TF:M01078_1,0.010746525,1.968731954,2344,121,30,21833,"RPS26,UQCRQ,ATOX1,RPL38,RPS29,SMIM4,TOMM6,ROMO1,DPM3,MRPS21,ATP5K,RPL37RT,SNRPG,GRCC10,BOLA2,PIGYL,ANAPC13,COX5B,COPS9,TIMM13,NAA38,ANAPC11,COX17,RPS18,PHPT1,MICOS10,SNRPD2,COX6B1,TIMM10B,NSMCE1"
TF,Factor: E2F; motif: TTTSGCGC,TF:M00050,0.011052424,1.956542446,6196,121,57,21833,"RDH10,PTPN18,RPL37A,MGST3,RPS26,UQCRQ,DHRS13,RPS29,SIVA1,RPL36,NDUFA2,FXN,AVPI1,RPL35,SELENOH,CCDC34,RPS27,S100A6,MRPS21,HINT2,STMN1,CENPS,TOMM7,ATP5K,RPL37RT,ATP5J2,FMC1,NDUFB2,GRCC10,HEBP1,NDUFA3,DCTPP1,ANAPC13,NDUFB11,RPL36A,COX5B,TIMM13,NAA38,ARF6,COX17,DYNLT1A,RPS18,MRPL14,NDUFA11,NDUFB8,PHPT1,LAMTOR2,DMAC1,MICOS10,COX6A1,SEM1,BOLA3,SNRPD2,TIMM10B,NSMCE1,NDUFA1,PIN4"
TF,Factor: PEA3; motif: RCCGGAAGYN,TF:M01991,0.01331048,1.87580629,9984,121,79,21833,"PTPN18,RPL37A,TMEM37,MGST3,CENPW,HDDC2,LSM7,RPL41,RPS26,UQCRQ,ATOX1,TMEM107,TMEM256,DHRS13,RPL38,RPS29,SIVA1,MRPS16,SMIM4,ANG,UQCC2,TOMM6,RPL36,NDUFA2,CCDC34,ROMO1,KRTCAP2,DPM3,RPS27,MRPS21,BOLA1,HINT2,TAL1,ATPIF1,TOMM7,MRPL33,ATP5K,RPL37RT,LAMTOR4,ATP5J2,SNRPG,GRCC10,NDUFA3,POLR2I,SBK1,BOLA2,DCTPP1,NDUFB7,CMC2,PIGYL,ANAPC13,RPL36A,COX5B,COPS9,TIMM13,NAA38,ANAPC11,ARF6,POLR2F,SMDT1,COX17,ELOB,RPS18,TMEM258,PHPT1,LAMTOR2,NDUFB6,TOMM5,DMAC1,MICOS10,COX6A1,SEM1,BOLA3,LSM3,SNRPD2,COX6B1,TIMM10B,NSMCE1,NDUFA1"
TF,Factor: ELF4; motif: CCCGGAARTN; match class: 1,TF:M01979_1,0.015988029,1.796205064,2267,121,29,21833,"RPL37A,HDDC2,RPL41,UQCRQ,ATOX1,RPS29,MRPS16,ANG,TOMM6,ROMO1,DPM3,MRPS21,ATP5K,RPL37RT,LAMTOR4,SNRPG,BOLA2,ANAPC13,RPL36A,COPS9,TIMM13,ANAPC11,COX17,RPS18,TOMM5,MICOS10,COX6A1,COX6B1,TIMM10B"
TF,Factor: BEN; motif: CAGCGRNV,TF:M01240,0.017499932,1.756963636,16268,121,109,21833,"RDH10,PTPN18,RPL37A,TMEM37,CENPW,HDDC2,LSM7,RPL41,RPS26,UQCR10,UQCRQ,ATOX1,TMEM107,DHRS13,GNGT2,RPL38,CDHR3,RPS29,ATP5MPL,SIVA1,CRIP1,NDUFS6,MRPS16,SMIM4,ANG,UQCC2,RPS28,DNPH1,TOMM6,RPL36,SPATA24,NDUFA2,FXN,AVPI1,RPL35,CCDC34,ROMO1,KRTCAP2,DPM3,RPS27,S100A13,S100A6,MRPS21,BOLA1,HINT2,TAL1,ATPIF1,STMN1,CENPS,TOMM7,MRPL33,ATP5K,RPL37RT,LAMTOR4,ATP5J2,NDUFA5,FMC1,NDUFB2,SNRPG,HEBP1,POLR2I,TARSL2,PDE3B,SBK1,BOLA2,DCTPP1,HPGD,GDF15,NDUFB7,CMC2,PIGYL,ANAPC13,NDUFB11,RPL36A,COPS9,TIMM13,HINT1,NAA38,ANAPC11,ARF6,POLR2F,SMDT1,COX17,GTF2H5,DYNLT1A,ELOB,MRPL28,RPS18,MRPL14,NDUFA11,TMEM258,NDUFB8,PHPT1,LAMTOR2,S100A1,CCDC107,DMAC1,MICOS10,COX6A1,SEM1,NDUFA4,BOLA3,SNRPD2,COX6B1,TIMM10B,NSMCE1,GADD45GIP1,NDUFA1,PIN4"
TF,Factor: ZF5; motif: GSGCGCGR,TF:M00716,0.018433312,1.734396636,14878,121,103,21833,"RDH10,PTPN18,RPL37A,TMEM37,MGST3,CENPW,LSM7,RPS26,UQCR10,UQCRQ,ATOX1,TMEM107,TMEM256,DHRS13,GNGT2,RPL38,RPS29,ATP5MPL,SIVA1,CRIP1,NDUFS6,MRPS16,SMIM4,ANG,UQCC2,DNPH1,TOMM6,RPL36,SPATA24,FXN,AVPI1,SELENOH,CCDC34,ROMO1,KRTCAP2,DPM3,RPS27,S100A13,MRPS21,BOLA1,HINT2,TAL1,ATPIF1,STMN1,CENPS,TOMM7,MRPL33,RPL37RT,ATP5J2,NDUFA5,FMC1,NDUFB2,TMSB10,SNRPG,GRCC10,NDUFA3,POLR2I,TARSL2,PDE3B,SBK1,BOLA2,DCTPP1,HPGD,GDF15,NDUFB7,CMC2,PIGYL,ANAPC13,NDUFB11,RPL36A,COX5B,COPS9,TIMM13,HINT1,ANAPC11,ARF6,POLR2F,SMDT1,GTF2H5,DYNLT1A,ELOB,MRPL28,RPS18,MRPL14,NDUFA11,TMEM258,LAMTOR2,S100A1,NDUFB6,CCDC107,TOMM5,MICOS10,COX6A1,SEM1,NDUFA4,BOLA3,LSM3,SNRPD2,COX6B1,TIMM10B,NSMCE1,GADD45GIP1,NDUFA1"
TF,Factor: NRF-1; motif: CGCATGCGCR,TF:M00652,0.029744665,1.526590915,1503,121,22,21833,"RPL37A,MGST3,LSM7,TMEM107,DHRS13,SMIM4,UQCC2,FXN,CENPS,TOMM7,LAMTOR4,POLR2I,SBK1,CMC2,NDUFB11,TIMM13,HINT1,ARF6,COX17,NDUFA11,CCDC107,COX6A1"
TF,Factor: Elk-1; motif: NCCGGAAGTGN; match class: 1,TF:M10219_1,0.030971537,1.509037236,7712,121,65,21833,"PTPN18,RPL37A,TMEM37,MGST3,CENPW,HDDC2,LSM7,RPL41,RPS26,UQCRQ,ATOX1,TMEM107,RPL38,RPS29,ATP5MPL,MRPS16,SMIM4,ANG,RPS28,TOMM6,RPL35,ROMO1,KRTCAP2,DPM3,RPS27,S100A13,MRPS21,HINT2,MRPL33,ATP5K,RPL37RT,ATP5J2,SNRPG,GRCC10,POLR2I,HCST,SBK1,BOLA2,DCTPP1,NDUFB7,CMC2,PIGYL,ANAPC13,RPL36A,COX5B,COPS9,TIMM13,ANAPC11,ARF6,COX17,DYNLT1A,ELOB,RPS18,TMEM258,LAMTOR2,S100A1,TOMM5,MICOS10,COX6A1,SEM1,LSM3,SNRPD2,COX6B1,TIMM10B,NSMCE1"
TF,Factor: Kaiso; motif: SARNYCTCGCGAGAN; match class: 1,TF:M10276_1,0.031964869,1.495327071,9999,121,78,21833,"RDH10,RPL37A,TMEM37,MGST3,CENPW,LSM7,RPS26,UQCR10,UQCRQ,ATOX1,TMEM107,TMEM256,DHRS13,RPS29,ATP5MPL,SIVA1,CRIP1,SMIM4,RPS28,TOMM6,RPL36,NDUFA2,FXN,AVPI1,ROMO1,KRTCAP2,RPS27,MRPS21,BOLA1,ATPIF1,STMN1,CENPS,TOMM7,FMC1,TMSB10,SNRPG,GRCC10,NDUFA3,POLR2I,TARSL2,PDE3B,SBK1,BOLA2,DCTPP1,HPGD,NDUFB7,PIGYL,ANAPC13,NDUFB11,RPL36A,COX5B,COPS9,TIMM13,HINT1,NAA38,ANAPC11,ARF6,SMDT1,GTF2H5,ELOB,MRPL28,RPS18,MRPL14,NDUFA11,TMEM258,LAMTOR2,TOMM5,DMAC1,MICOS10,COX6A1,SEM1,NDUFA4,BOLA3,LSM3,TIMM10B,NSMCE1,GADD45GIP1,NDUFA1"
TF,Factor: IRF4; motif: NNNAYTCTCGGWNNN,TF:M02872,0.03212035,1.493219731,14562,121,101,21833,"RDH10,PTPN18,RPL37A,TMEM37,MGST3,HDDC2,LSM7,RPL41,RPS26,UQCR10,UQCRQ,ATOX1,TMEM107,TMEM256,GNGT2,RPL38,CDHR3,CRIP1,NDUFS6,MRPS16,SMIM4,ANG,UQCC2,DNPH1,TOMM6,RPL36,NDUFA2,FXN,AVPI1,RPL35,SELENOH,CCDC34,ROMO1,KRTCAP2,DPM3,RPS27,S100A13,S100A6,MRPS21,HINT2,TAL1,ATPIF1,STMN1,CENPS,TOMM7,MRPL33,ATP5K,RPL37RT,LAMTOR4,NDUFA5,FMC1,NDUFB2,TMSB10,SNRPG,GRCC10,NDUFA3,POLR2I,HCST,PDE3B,SBK1,HPGD,NDUFB7,CMC2,PIGYL,ANAPC13,NDUFB11,RPL36A,COX5B,TIMM13,HINT1,NAA38,ANAPC11,ARF6,POLR2F,SMDT1,GTF2H5,DYNLT1A,ELOB,MRPL28,RPS18,MRPL14,NDUFA11,NDUFB8,PHPT1,LAMTOR2,S100A1,NDUFB6,TOMM5,DMAC1,MICOS10,COX6A1,SEM1,BOLA3,LSM3,SNRPD2,COX6B1,TIMM10B,NSMCE1,GADD45GIP1,NDUFA1,PIN4"
TF,Factor: SAP-1a; motif: NRRCCGGAAGYRN; match class: 1,TF:M10220_1,0.038821494,1.410927757,3303,121,36,21833,"LSM7,RPL41,RPS26,UQCRQ,ATOX1,RPL38,MRPS16,TOMM6,ROMO1,KRTCAP2,RPS27,MRPS21,ATP5K,RPL37RT,ATP5J2,SNRPG,GRCC10,BOLA2,DCTPP1,ANAPC13,RPL36A,COX5B,COPS9,TIMM13,NAA38,ANAPC11,COX17,ELOB,RPS18,TOMM5,MICOS10,COX6A1,SNRPD2,COX6B1,TIMM10B,NSMCE1"
TF,Factor: Hes1; motif: NNCACGYGNN,TF:M07991,0.042714062,1.369429125,15521,121,105,21833,"RDH10,PTPN18,TMEM37,MGST3,CENPW,HDDC2,LSM7,RPL41,RPS26,UQCRQ,ATOX1,TMEM107,TMEM256,DHRS13,GNGT2,RPL38,CDHR3,RPS29,ATP5MPL,SIVA1,CRIP1,NDUFS6,MRPS16,SMIM4,UQCC2,RPS28,DNPH1,TOMM6,RPL36,SPATA24,FXN,AVPI1,RPL35,SELENOH,ROMO1,KRTCAP2,RPS27,S100A13,S100A6,MRPS21,BOLA1,HINT2,TAL1,ATPIF1,STMN1,CENPS,TOMM7,ATP5K,RPL37RT,LAMTOR4,NDUFA5,FMC1,NDUFB2,TMSB10,SNRPG,GRCC10,HEBP1,POLR2I,HCST,TARSL2,PDE3B,SBK1,BOLA2,DCTPP1,HPGD,GDF15,CMC2,PIGYL,ANAPC13,NDUFB11,RPL36A,COX5B,COPS9,TIMM13,HINT1,NAA38,ANAPC11,ARF6,POLR2F,SMDT1,COX17,GTF2H5,DYNLT1A,RPS18,MRPL14,NDUFA11,TMEM258,PHPT1,LAMTOR2,S100A1,NDUFB6,CCDC107,TOMM5,DMAC1,MICOS10,COX6A1,SEM1,NDUFA4,BOLA3,LSM3,SNRPD2,COX6B1,TIMM10B,NDUFA1,PIN4"
CORUM,"Respiratory chain complex I, mitochondrial",CORUM:382,6.11E-10,9.214193733,37,21,11,1078,"NDUFS6,NDUFA2,NDUFA5,NDUFB2,NDUFA3,NDUFB7,NDUFB11,NDUFB8,NDUFB6,NDUFA4,NDUFA1"
CORUM,"Respiratory chain complex I, mitochondrial",CORUM:381,4.19E-07,6.377652676,35,21,9,1078,"NDUFS6,NDUFA2,NDUFA5,NDUFA3,NDUFB7,NDUFB11,NDUFB8,NDUFB6,NDUFA4"
HP,Lethargy,HP:0001254,2.34084E-05,4.630627364,206,30,11,4821,"RPS26,RPS29,NDUFS6,MRPS16,RPS28,RPL35,RPS27,NDUFB11,NDUFA11,BOLA3,NDUFA1"
HP,Leukodystrophy,HP:0002415,2.43976E-05,4.612652809,116,30,9,4821,"NDUFS6,NDUFA2,NDUFB11,NDUFA11,NDUFB8,NDUFA4,BOLA3,COX6B1,NDUFA1"
HP,Abnormal CSF lactate level,HP:0030085,8.37763E-05,4.076878915,94,30,8,4821,"NDUFS6,NDUFA2,NDUFB11,NDUFA11,NDUFB8,NDUFA4,COX6B1,NDUFA1"
HP,Increased CSF lactate,HP:0002490,8.37763E-05,4.076878915,94,30,8,4821,"NDUFS6,NDUFA2,NDUFB11,NDUFA11,NDUFB8,NDUFA4,COX6B1,NDUFA1"
HP,Elevated red cell adenosine deaminase level,HP:0030270,9.47444E-05,4.023446629,19,30,5,4821,"RPS26,RPS29,RPS28,RPL35,RPS27"
HP,Abnormal radial artery morphology,HP:0031640,9.47444E-05,4.023446629,19,30,5,4821,"RPS26,RPS29,RPS28,RPL35,RPS27"
HP,Radial artery aplasia,HP:0020118,9.47444E-05,4.023446629,19,30,5,4821,"RPS26,RPS29,RPS28,RPL35,RPS27"
HP,Macrocytic dyserythropoietic anemia,HP:0005532,0.000125779,3.900392055,20,30,5,4821,"RPS26,RPS29,RPS28,RPL35,RPS27"
HP,Erythroid hypoplasia,HP:0012133,0.000211793,3.674087601,22,30,5,4821,"RPS26,RPS29,RPS28,RPL35,RPS27"
HP,Malignant genitourinary tract tumor,HP:0006758,0.000269453,3.569516724,23,30,5,4821,"RPS26,RPS29,RPS28,RPL35,RPS27"
HP,Pure red cell aplasia,HP:0012410,0.000338888,3.469943633,24,30,5,4821,"RPS26,RPS29,RPS28,RPL35,RPS27"
HP,Abnormal CSF metabolite level,HP:0025454,0.000436655,3.359861774,116,30,8,4821,"NDUFS6,NDUFA2,NDUFB11,NDUFA11,NDUFB8,NDUFA4,COX6B1,NDUFA1"
HP,Persistence of hemoglobin F,HP:0011904,0.000519937,3.284048954,26,30,5,4821,"RPS26,RPS29,RPS28,RPL35,RPS27"
HP,Adenocarcinoma of the colon,HP:0040276,0.000635342,3.196992707,27,30,5,4821,"RPS26,RPS29,RPS28,RPL35,RPS27"
HP,Abnormality of the thenar eminence,HP:0001227,0.000635342,3.196992707,27,30,5,4821,"RPS26,RPS29,RPS28,RPL35,RPS27"
HP,Acidosis,HP:0001941,0.000672408,3.172366926,353,30,12,4821,"UQCRQ,NDUFS6,MRPS16,UQCC2,NDUFA2,NDUFB11,NDUFA11,NDUFB8,NDUFA4,BOLA3,COX6B1,NDUFA1"
HP,Osteosarcoma,HP:0002669,0.000926519,3.033145713,29,30,5,4821,"RPS26,RPS29,RPS28,RPL35,RPS27"
HP,Abnormal erythrocyte enzyme level,HP:0030272,0.001107007,2.955849587,30,30,5,4821,"RPS26,RPS29,RPS28,RPL35,RPS27"
HP,Reticulocytopenia,HP:0001896,0.001107007,2.955849587,30,30,5,4821,"RPS26,RPS29,RPS28,RPL35,RPS27"
HP,Adenocarcinoma of the large intestine,HP:0040275,0.001314176,2.881346456,31,30,5,4821,"RPS26,RPS29,RPS28,RPL35,RPS27"
HP,Abnormality of acid-base homeostasis,HP:0004360,0.001452529,2.837875164,379,30,12,4821,"UQCRQ,NDUFS6,MRPS16,UQCC2,NDUFA2,NDUFB11,NDUFA11,NDUFB8,NDUFA4,BOLA3,COX6B1,NDUFA1"
HP,Decreased activity of mitochondrial respiratory chain,HP:0008972,0.001589748,2.798671642,94,30,7,4821,"NDUFS6,NDUFA2,NDUFB11,NDUFA11,NDUFA4,BOLA3,NDUFA1"
HP,Abnormality of the musculature of the hand,HP:0001421,0.001708959,2.767268455,95,30,7,4821,"RPS26,RPS29,RPS28,FXN,RPL35,RPS27,HINT1"
HP,Abnormal activity of mitochondrial respiratory chain,HP:0011922,0.001708959,2.767268455,95,30,7,4821,"NDUFS6,NDUFA2,NDUFB11,NDUFA11,NDUFA4,BOLA3,NDUFA1"
HP,Normochromic anemia,HP:0001895,0.001819805,2.739975042,33,30,5,4821,"RPS26,RPS29,RPS28,RPL35,RPS27"
HP,Reduced consciousness/confusion,HP:0004372,0.001975879,2.704239571,390,30,12,4821,"RPS26,RPS29,NDUFS6,MRPS16,RPS28,RPL35,RPS27,NDUFB11,NDUFA11,NDUFB8,BOLA3,NDUFA1"
HP,Partial duplication of thumb phalanx,HP:0009944,0.002124322,2.672779618,34,30,5,4821,"RPS26,RPS29,RPS28,RPL35,RPS27"
HP,Abnormal CNS myelination,HP:0011400,0.002131392,2.671336664,320,30,11,4821,"NDUFS6,NDUFA2,PIGYL,NDUFB11,GTF2H5,NDUFA11,NDUFB8,NDUFA4,BOLA3,COX6B1,NDUFA1"
HP,Adenocarcinoma of the intestines,HP:0040273,0.002467639,2.607718415,35,30,5,4821,"RPS26,RPS29,RPS28,RPL35,RPS27"
HP,Increased mean corpuscular volume,HP:0005518,0.00285323,2.544663288,36,30,5,4821,"RPS26,RPS29,RPS28,RPL35,RPS27"
HP,Partial duplication of the phalanx of hand,HP:0009999,0.00285323,2.544663288,36,30,5,4821,"RPS26,RPS29,RPS28,RPL35,RPS27"
HP,Abnormality of mitochondrial metabolism,HP:0003287,0.003469799,2.459695649,152,30,8,4821,"NDUFS6,NDUFA2,FXN,NDUFB11,NDUFA11,NDUFA4,BOLA3,NDUFA1"
HP,Hypertrophic cardiomyopathy,HP:0001639,0.00362161,2.441098276,269,30,10,4821,"NDUFS6,NDUFA2,FXN,NDUFB11,NDUFA11,NDUFB8,NDUFA4,BOLA3,COX6B1,NDUFA1"
HP,Abnormal number of erythroid precursors,HP:0012131,0.004301166,2.366413785,39,30,5,4821,"RPS26,RPS29,RPS28,RPL35,RPS27"
HP,Muscle abnormality related to mitochondrial dysfunction,HP:0003800,0.005289022,2.276624605,72,30,6,4821,"NDUFS6,NDUFB11,NDUFA11,NDUFA4,COX6B1,NDUFA1"
HP,Nonimmune hydrops fetalis,HP:0001790,0.007067197,2.150752783,43,30,5,4821,"RPS26,RPS29,RPS28,RPL35,RPS27"
HP,Lactic acidosis,HP:0003128,0.00769632,2.113716908,169,30,8,4821,"NDUFS6,MRPS16,NDUFB11,NDUFA11,NDUFA4,BOLA3,COX6B1,NDUFA1"
HP,Absent thumb,HP:0009777,0.0099335,2.002897706,46,30,5,4821,"RPS26,RPS29,RPS28,RPL35,RPS27"
HP,Abnormal mean corpuscular volume,HP:0025065,0.0099335,2.002897706,46,30,5,4821,"RPS26,RPS29,RPS28,RPL35,RPS27"
HP,Abnormality of the mitochondrion,HP:0012103,0.009981427,2.00080738,175,30,8,4821,"NDUFS6,NDUFA2,FXN,NDUFB11,NDUFA11,NDUFA4,BOLA3,NDUFA1"
HP,Developmental cataract,HP:0000519,0.011449778,1.941202918,126,30,7,4821,"RPS26,RPS29,RPS28,RPL35,RPS27,PIGYL,GTF2H5"
HP,Sprengel anomaly,HP:0000912,0.012301277,1.910049794,48,30,5,4821,"RPS26,RPS29,RPS28,RPL35,RPS27"
HP,Increased serum lactate,HP:0002151,0.013904414,1.856847321,183,30,8,4821,"UQCRQ,MRPS16,NDUFA2,NDUFA11,NDUFB8,NDUFA4,COX6B1,NDUFA1"
HP,Duplication of thumb phalanx,HP:0009942,0.015089585,1.82132269,50,30,5,4821,"RPS26,RPS29,RPS28,RPL35,RPS27"
HP,Thrombocytosis,HP:0001894,0.015089585,1.82132269,50,30,5,4821,"RPS26,RPS29,RPS28,RPL35,RPS27"
HP,Abnormal hemoglobin,HP:0011902,0.018349363,1.736379001,52,30,5,4821,"RPS26,RPS29,RPS28,RPL35,RPS27"
HP,Abnormality of cardiovascular system morphology,HP:0030680,0.019142269,1.718006591,1658,30,22,4821,"RPS26,TMEM107,RPS29,NDUFS6,MRPS16,RPS28,NDUFA2,FXN,RPL35,DPM3,RPS27,GRCC10,HPGD,PIGYL,NDUFB11,GTF2H5,NDUFA11,NDUFB8,NDUFA4,BOLA3,COX6B1,NDUFA1"
HP,Ptosis,HP:0000508,0.027471533,1.561117111,690,30,14,4821,"RPS26,TMEM107,RPS29,NDUFS6,RPS28,NDUFA2,RPL35,RPS27,HPGD,NDUFB11,NDUFA11,NDUFB8,NDUFA4,NDUFA1"
HP,Cardiomyopathy,HP:0001638,0.030321654,1.518247118,506,30,12,4821,"NDUFS6,NDUFA2,FXN,DPM3,NDUFB11,GTF2H5,NDUFA11,NDUFB8,NDUFA4,BOLA3,COX6B1,NDUFA1"
HP,Acute leukemia,HP:0002488,0.031854833,1.496824666,98,30,6,4821,"RPS26,RPS29,RPS28,RPL35,RPS27,TAL1"
HP,Developmental glaucoma,HP:0001087,0.037242111,1.428965715,60,30,5,4821,"RPS26,RPS29,RPS28,RPL35,RPS27"
HP,Macrocytic anemia,HP:0001972,0.043743857,1.359082925,62,30,5,4821,"RPS26,RPS29,RPS28,RPL35,RPS27"
HP,Renal tubular dysfunction,HP:0000124,0.047252918,1.325571369,105,30,6,4821,"NDUFS6,UQCC2,NDUFB11,NDUFA11,NDUFB8,NDUFA1"
HP,Acute myeloid leukemia,HP:0004808,0.047308762,1.32505842,63,30,5,4821,"RPS26,RPS29,RPS28,RPL35,RPS27"
